"Discount","avg_profit"
"0","66.9002924551896624"
"0.1","96.0550744680851064"
"0.15","27.2882980769230769"
"0.2","24.7025720535958436"
"0.3","-45.6796361233480176"
"0.32","-88.5606555555555556"
"0.4","-111.9274291262135922"
"0.45","-226.6464636363636364"
"0.5","-310.7034560606060606"
"0.6","-43.0772115942028986"
"0.7","-95.8740595693779904"
"0.8","-101.7967973333333333"
